"LANGUAGE","NAME","VERSION","LICENSES","COPYRIGHTS","URL"
"java","antlr:antlr","2.7.7","BSD,PUBDOM","","https://mvnrepository.com/artifact/antlr/antlr"
"java","com.aayushatharva.brotli4j:brotli4j","1.8.0","Apache-2.0","","https://mvnrepository.com/artifact/com.aayushatharva.brotli4j/brotli4j"
"java","com.aayushatharva.brotli4j:native-linux-x86_64","1.8.0","Apache-2.0","","https://mvnrepository.com/artifact/com.aayushatharva.brotli4j/native-linux-x86_64"
"java","com.cronutils:cron-utils","9.2.0","Apache-2.0","Copyright 2014 Joze Martin Rozanec","https://mvnrepository.com/artifact/com.cronutils/cron-utils"
"java","com.fasterxml.jackson.core:jackson-annotations","2.14.2","Apache-2.0","","https://mvnrepository.com/artifact/com.fasterxml.jackson.core/jackson-annotations"
"java","com.fasterxml.jackson.core:jackson-core","2.14.2","Apache-2.0","Copyright (c) 2007 Tatu Saloranta, tatu.salorantaiki.fi/","https://mvnrepository.com/artifact/com.fasterxml.jackson.core/jackson-core"
"java","com.fasterxml.jackson.core:jackson-databind","2.14.2","Apache-2.0","Copyright 2011 Google Inc. All Rights Reserved.","https://mvnrepository.com/artifact/com.fasterxml.jackson.core/jackson-databind"
"java","com.fasterxml.jackson.dataformat:jackson-dataformat-yaml","2.14.2","Apache-2.0","","https://mvnrepository.com/artifact/com.fasterxml.jackson.dataformat/jackson-dataformat-yaml"
"java","com.fasterxml.jackson.datatype:jackson-datatype-jdk8","2.14.2","Apache-2.0","","https://mvnrepository.com/artifact/com.fasterxml.jackson.datatype/jackson-datatype-jdk8"
"java","com.fasterxml.jackson.datatype:jackson-datatype-jsr310","2.14.2","Apache-2.0","","https://mvnrepository.com/artifact/com.fasterxml.jackson.datatype/jackson-datatype-jsr310"
"java","com.fasterxml.jackson.jaxrs:jackson-jaxrs-base","2.14.2","Apache-2.0","","https://mvnrepository.com/artifact/com.fasterxml.jackson.jaxrs/jackson-jaxrs-base"
"java","com.fasterxml.jackson.jaxrs:jackson-jaxrs-json-provider","2.14.2","Apache-2.0","","https://mvnrepository.com/artifact/com.fasterxml.jackson.jaxrs/jackson-jaxrs-json-provider"
"java","com.fasterxml.jackson.module:jackson-module-jaxb-annotations","2.14.2","Apache-2.0","","https://mvnrepository.com/artifact/com.fasterxml.jackson.module/jackson-module-jaxb-annotations"
"java","com.fasterxml.jackson.module:jackson-module-parameter-names","2.14.2","Apache-2.0","","https://mvnrepository.com/artifact/com.fasterxml.jackson.module/jackson-module-parameter-names"
"java","com.fasterxml.woodstox:woodstox-core","6.4.0","Apache-2.0","Copyright (c) 2004 Tatu Saloranta, tatu.salorantaiki.fi","https://mvnrepository.com/artifact/com.fasterxml.woodstox/woodstox-core"
"java","com.fasterxml:classmate","1.5.1","Apache-2.0","","https://mvnrepository.com/artifact/com.fasterxml/classmate"
"java","com.github.ben-manes.caffeine:caffeine","3.1.1","Apache-2.0","Copyright L Ben Manes. All Rights Reserved.","https://mvnrepository.com/artifact/com.github.ben-manes.caffeine/caffeine"
"java","com.github.java-json-tools:btf","1.3","LGPL-3.0-only,Apache-2.0","Copyright (c) 2014, Francis Galiegue (fgalieguegmail.com)","https://mvnrepository.com/artifact/com.github.java-json-tools/btf"
"java","com.github.java-json-tools:jackson-coreutils","2.0","LGPL-3.0-only,Apache-2.0","Copyright (c) 2014, Francis Galiegue (fgalieguegmail.com)","https://mvnrepository.com/artifact/com.github.java-json-tools/jackson-coreutils"
"java","com.github.java-json-tools:json-patch","1.13","LGPL-3.0-only,Apache-2.0","Copyright (c) 2014, Francis Galiegue (fgalieguegmail.com)","https://mvnrepository.com/artifact/com.github.java-json-tools/json-patch"
"java","com.github.java-json-tools:msg-simple","1.2","LGPL-3.0-only,Apache-2.0","Copyright (c) 2014, Francis Galiegue (fgalieguegmail.com)","https://mvnrepository.com/artifact/com.github.java-json-tools/msg-simple"
"java","com.github.virtuald:curvesapi","1.06","BSD","Copyright (c) 2005, Graph Builder","https://mvnrepository.com/artifact/com.github.virtuald/curvesapi"
"java","com.google.api.grpc:proto-google-common-protos","2.11.0","Apache-2.0","","https://mvnrepository.com/artifact/com.google.api.grpc/proto-google-common-protos"
"java","com.google.code.findbugs:jsr305","3.0.2","Apache-2.0","","https://mvnrepository.com/artifact/com.google.code.findbugs/jsr305"
"java","com.google.code.gson:gson","2.10","Apache-2.0","","https://mvnrepository.com/artifact/com.google.code.gson/gson"
"java","com.google.errorprone:error_prone_annotations","2.17.0","Apache-2.0","","https://mvnrepository.com/artifact/com.google.errorprone/error_prone_annotations"
"java","com.google.guava:failureaccess","1.0.1","Apache-2.0","","https://mvnrepository.com/artifact/com.google.guava/failureaccess"
"java","com.google.guava:guava","31.1-jre","Apache-2.0","","https://mvnrepository.com/artifact/com.google.guava/guava"
"java","com.google.j2objc:j2objc-annotations","1.3","Apache-2.0","","https://mvnrepository.com/artifact/com.google.j2objc/j2objc-annotations"
"java","com.google.protobuf:protobuf-java","3.21.9","BSD-3-Clause","","https://mvnrepository.com/artifact/com.google.protobuf/protobuf-java"
"java","com.ibm.async:asyncutil","0.1.0","Apache-2.0","","https://mvnrepository.com/artifact/com.ibm.async/asyncutil"
"java","com.ibm.icu:icu4j","59.1","ICU","","https://mvnrepository.com/artifact/com.ibm.icu/icu4j"
"java","com.openhtmltopdf:openhtmltopdf-core","1.0.9","LGPL-2.1-only","","https://mvnrepository.com/artifact/com.openhtmltopdf/openhtmltopdf-core"
"java","com.openhtmltopdf:openhtmltopdf-java2d","1.0.9","LGPL-2.1-only","","https://mvnrepository.com/artifact/com.openhtmltopdf/openhtmltopdf-java2d"
"java","com.openhtmltopdf:openhtmltopdf-pdfbox","1.0.9","LGPL-2.1-only","","https://mvnrepository.com/artifact/com.openhtmltopdf/openhtmltopdf-pdfbox"
"java","com.openhtmltopdf:openhtmltopdf-rtl-support","1.0.9","LGPL-2.1-only","","https://mvnrepository.com/artifact/com.openhtmltopdf/openhtmltopdf-rtl-support"
"java","com.openhtmltopdf:openhtmltopdf-slf4j","1.0.9","LGPL-2.1-only","","https://mvnrepository.com/artifact/com.openhtmltopdf/openhtmltopdf-slf4j"
"java","com.squareup.okhttp3:okhttp","3.14.9","Apache-2.0","","https://mvnrepository.com/artifact/com.squareup.okhttp3/okhttp"
"java","com.squareup.okio:okio","1.17.2","Apache-2.0","","https://mvnrepository.com/artifact/com.squareup.okio/okio"
"java","com.sun.activation:jakarta.activation","1.2.1","EDL-1.0","","https://mvnrepository.com/artifact/com.sun.activation/jakarta.activation"
"java","com.sun.istack:istack-commons-runtime","3.0.10","CDDL-1.1,EDL-1.0","","https://mvnrepository.com/artifact/com.sun.istack/istack-commons-runtime"
"java","com.sun.mail:jakarta.mail","1.6.7","GPLV2+CE,EDL-1.0,EPL-2.0","","https://mvnrepository.com/artifact/com.sun.mail/jakarta.mail"
"java","com.sun.mail:javax.mail","1.6.2","CDDL-1.1","","https://mvnrepository.com/artifact/com.sun.mail/javax.mail"
"java","com.sun.xml.messaging.saaj:saaj-impl","1.5.3","CDDL-1.1,EDL-1.0","","https://mvnrepository.com/artifact/com.sun.xml.messaging.saaj/saaj-impl"
"java","com.zaxxer:SparseBitSet","1.2","Apache-2.0","","https://mvnrepository.com/artifact/com.zaxxer/SparseBitSet"
"java","commons-beanutils:commons-beanutils","1.9.4","Apache-2.0","","https://mvnrepository.com/artifact/commons-beanutils/commons-beanutils"
"java","commons-codec:commons-codec","1.15","Apache-2.0","Copyright 2002-2024 The Apache Software Foundation","https://mvnrepository.com/artifact/commons-codec/commons-codec"
"java","commons-collections:commons-collections","3.2.2","Apache-2.0","","https://mvnrepository.com/artifact/commons-collections/commons-collections"
"java","commons-io:commons-io","2.11.0","Apache-2.0","","https://mvnrepository.com/artifact/commons-io/commons-io"
"java","commons-logging:commons-logging","1.2","Apache-2.0","","https://mvnrepository.com/artifact/commons-logging/commons-logging"
"java","csipiemonte:aaepsv-client","3.7.0","Apache-2.0,MIT","CSI Piemonte",""
"java","de.rototor.pdfbox:graphics2d","0.32","Apache-2.0","","https://mvnrepository.com/artifact/de.rototor.pdfbox/graphics2d"
"java","io.agroal:agroal-api","1.16","Apache-2.0","","https://mvnrepository.com/artifact/io.agroal/agroal-api"
"java","io.agroal:agroal-narayana","1.16","Apache-2.0","","https://mvnrepository.com/artifact/io.agroal/agroal-narayana"
"java","io.agroal:agroal-pool","1.16","Apache-2.0","","https://mvnrepository.com/artifact/io.agroal/agroal-pool"
"java","io.github.classgraph:classgraph","4.8.150","MIT","Copyright (c) 2022 Luke Hutchison","https://mvnrepository.com/artifact/io.github.classgraph/classgraph"
"java","io.github.crac:org-crac","0.1.3","BSD-2-Clause","Copyright 20172022 Azul Systems, Inc.","https://mvnrepository.com/artifact/io.github.crac/org-crac"
"java","io.grpc:grpc-api","1.51.1","Apache-2.0","Copyright 2014 The gRPC Authors","https://mvnrepository.com/artifact/io.grpc/grpc-api"
"java","io.grpc:grpc-context","1.51.1","Apache-2.0","Copyright 2014 The gRPC Authors","https://mvnrepository.com/artifact/io.grpc/grpc-context"
"java","io.grpc:grpc-core","1.51.1","Apache-2.0","Copyright 2014 The gRPC Authors","https://mvnrepository.com/artifact/io.grpc/grpc-core"
"java","io.grpc:grpc-netty","1.51.1","Apache-2.0","Copyright 2014 The gRPC Authors","https://mvnrepository.com/artifact/io.grpc/grpc-netty"
"java","io.grpc:grpc-protobuf","1.51.1","Apache-2.0","Copyright 2014 The gRPC Authors","https://mvnrepository.com/artifact/io.grpc/grpc-protobuf"
"java","io.grpc:grpc-protobuf-lite","1.51.1","Apache-2.0","Copyright 2014 The gRPC Authors","https://mvnrepository.com/artifact/io.grpc/grpc-protobuf-lite"
"java","io.grpc:grpc-stub","1.51.1","Apache-2.0","Copyright 2014 The gRPC Authors","https://mvnrepository.com/artifact/io.grpc/grpc-stub"
"java","io.micrometer:micrometer-commons","1.10.2","Apache-2.0","Copyright (c) 2017-Present VMware, Inc. All Rights Reserved.","https://mvnrepository.com/artifact/io.micrometer/micrometer-commons"
"java","io.micrometer:micrometer-core","1.10.2","Apache-2.0","Copyright (c) 2017-Present VMware, Inc. All Rights Reserved.","https://mvnrepository.com/artifact/io.micrometer/micrometer-core"
"java","io.micrometer:micrometer-observation","1.10.2","Apache-2.0","Copyright (c) 2017-Present VMware, Inc. All Rights Reserved.","https://mvnrepository.com/artifact/io.micrometer/micrometer-observation"
"java","io.micrometer:micrometer-registry-prometheus","1.10.2","Apache-2.0","Copyright (c) 2017-Present VMware, Inc. All Rights Reserved.","https://mvnrepository.com/artifact/io.micrometer/micrometer-registry-prometheus"
"java","io.netty:netty-buffer","4.1.86.Final","Apache-2.0","","https://mvnrepository.com/artifact/io.netty/netty-buffer"
"java","io.netty:netty-codec","4.1.86.Final","Apache-2.0","","https://mvnrepository.com/artifact/io.netty/netty-codec"
"java","io.netty:netty-codec-dns","4.1.86.Final","Apache-2.0","","https://mvnrepository.com/artifact/io.netty/netty-codec-dns"
"java","io.netty:netty-codec-haproxy","4.1.86.Final","Apache-2.0","","https://mvnrepository.com/artifact/io.netty/netty-codec-haproxy"
"java","io.netty:netty-codec-http","4.1.86.Final","Apache-2.0","","https://mvnrepository.com/artifact/io.netty/netty-codec-http"
"java","io.netty:netty-codec-http2","4.1.86.Final","Apache-2.0","","https://mvnrepository.com/artifact/io.netty/netty-codec-http2"
"java","io.netty:netty-codec-socks","4.1.86.Final","Apache-2.0","","https://mvnrepository.com/artifact/io.netty/netty-codec-socks"
"java","io.netty:netty-common","4.1.86.Final","Apache-2.0","","https://mvnrepository.com/artifact/io.netty/netty-common"
"java","io.netty:netty-handler","4.1.86.Final","Apache-2.0","","https://mvnrepository.com/artifact/io.netty/netty-handler"
"java","io.netty:netty-handler-proxy","4.1.86.Final","Apache-2.0","","https://mvnrepository.com/artifact/io.netty/netty-handler-proxy"
"java","io.netty:netty-resolver","4.1.86.Final","Apache-2.0","","https://mvnrepository.com/artifact/io.netty/netty-resolver"
"java","io.netty:netty-resolver-dns","4.1.86.Final","Apache-2.0","","https://mvnrepository.com/artifact/io.netty/netty-resolver-dns"
"java","io.netty:netty-transport","4.1.86.Final","Apache-2.0","","https://mvnrepository.com/artifact/io.netty/netty-transport"
"java","io.netty:netty-transport-native-unix-common","4.1.86.Final","Apache-2.0","","https://mvnrepository.com/artifact/io.netty/netty-transport-native-unix-common"
"java","io.opentelemetry.instrumentation:opentelemetry-instrumentation-annotations","1.21.0","Apache-2.0","Copyright (c) 20042022 QOS.ch Sarl (Switzerland)All rights reserved.","https://mvnrepository.com/artifact/io.opentelemetry.instrumentation/opentelemetry-instrumentation-annotations"
"java","io.opentelemetry.instrumentation:opentelemetry-instrumentation-annotations-support","1.21.0-alpha","Apache-2.0","Copyright (c) 20042022 QOS.ch Sarl (Switzerland)All rights reserved.","https://mvnrepository.com/artifact/io.opentelemetry.instrumentation/opentelemetry-instrumentation-annotations-support"
"java","io.opentelemetry.instrumentation:opentelemetry-instrumentation-api","1.21.0","Apache-2.0","Copyright (c) 20042022 QOS.ch Sarl (Switzerland)All rights reserved.","https://mvnrepository.com/artifact/io.opentelemetry.instrumentation/opentelemetry-instrumentation-api"
"java","io.opentelemetry.instrumentation:opentelemetry-instrumentation-api-semconv","1.21.0-alpha","Apache-2.0","Copyright (c) 20042022 QOS.ch Sarl (Switzerland)All rights reserved.","https://mvnrepository.com/artifact/io.opentelemetry.instrumentation/opentelemetry-instrumentation-api-semconv"
"java","io.opentelemetry:opentelemetry-api","1.21.0","Apache-2.0","Copyright 20002021 JetBrains s.r.o.","https://mvnrepository.com/artifact/io.opentelemetry/opentelemetry-api"
"java","io.opentelemetry:opentelemetry-api-logs","1.21.0-alpha","Apache-2.0","Copyright 20002021 JetBrains s.r.o.","https://mvnrepository.com/artifact/io.opentelemetry/opentelemetry-api-logs"
"java","io.opentelemetry:opentelemetry-context","1.21.0","Apache-2.0","Copyright 20002021 JetBrains s.r.o.","https://mvnrepository.com/artifact/io.opentelemetry/opentelemetry-context"
"java","io.opentelemetry:opentelemetry-exporter-common","1.21.0","Apache-2.0","Copyright 20002021 JetBrains s.r.o.","https://mvnrepository.com/artifact/io.opentelemetry/opentelemetry-exporter-common"
"java","io.opentelemetry:opentelemetry-exporter-otlp","1.21.0","Apache-2.0","Copyright 20002021 JetBrains s.r.o.","https://mvnrepository.com/artifact/io.opentelemetry/opentelemetry-exporter-otlp"
"java","io.opentelemetry:opentelemetry-exporter-otlp-common","1.21.0","Apache-2.0","Copyright 20002021 JetBrains s.r.o.","https://mvnrepository.com/artifact/io.opentelemetry/opentelemetry-exporter-otlp-common"
"java","io.opentelemetry:opentelemetry-extension-annotations","1.18.0","Apache-2.0","Copyright 20002021 JetBrains s.r.o.","https://mvnrepository.com/artifact/io.opentelemetry/opentelemetry-extension-annotations"
"java","io.opentelemetry:opentelemetry-sdk","1.21.0","Apache-2.0","Copyright 20002021 JetBrains s.r.o.","https://mvnrepository.com/artifact/io.opentelemetry/opentelemetry-sdk"
"java","io.opentelemetry:opentelemetry-sdk-common","1.21.0","Apache-2.0","Copyright 20002021 JetBrains s.r.o.","https://mvnrepository.com/artifact/io.opentelemetry/opentelemetry-sdk-common"
"java","io.opentelemetry:opentelemetry-sdk-extension-autoconfigure-spi","1.21.0","Apache-2.0","Copyright 20002021 JetBrains s.r.o.","https://mvnrepository.com/artifact/io.opentelemetry/opentelemetry-sdk-extension-autoconfigure-spi"
"java","io.opentelemetry:opentelemetry-sdk-logs","1.21.0-alpha","Apache-2.0","Copyright 20002021 JetBrains s.r.o.","https://mvnrepository.com/artifact/io.opentelemetry/opentelemetry-sdk-logs"
"java","io.opentelemetry:opentelemetry-sdk-metrics","1.21.0","Apache-2.0","Copyright 20002021 JetBrains s.r.o.","https://mvnrepository.com/artifact/io.opentelemetry/opentelemetry-sdk-metrics"
"java","io.opentelemetry:opentelemetry-sdk-trace","1.21.0","Apache-2.0","Copyright 20002021 JetBrains s.r.o.","https://mvnrepository.com/artifact/io.opentelemetry/opentelemetry-sdk-trace"
"java","io.opentelemetry:opentelemetry-semconv","1.21.0-alpha","Apache-2.0","Copyright 20002021 JetBrains s.r.o.","https://mvnrepository.com/artifact/io.opentelemetry/opentelemetry-semconv"
"java","io.perfmark:perfmark-api","0.26.0","Apache-2.0","Copyright 2019 Google LLC","https://mvnrepository.com/artifact/io.perfmark/perfmark-api"
"java","io.prometheus:simpleclient","0.16.0","Apache-2.0","","https://mvnrepository.com/artifact/io.prometheus/simpleclient"
"java","io.prometheus:simpleclient_common","0.16.0","Apache-2.0","","https://mvnrepository.com/artifact/io.prometheus/simpleclient_common"
"java","io.prometheus:simpleclient_tracer_common","0.16.0","Apache-2.0","","https://mvnrepository.com/artifact/io.prometheus/simpleclient_tracer_common"
"java","io.prometheus:simpleclient_tracer_otel","0.16.0","Apache-2.0","","https://mvnrepository.com/artifact/io.prometheus/simpleclient_tracer_otel"
"java","io.prometheus:simpleclient_tracer_otel_agent","0.16.0","Apache-2.0","","https://mvnrepository.com/artifact/io.prometheus/simpleclient_tracer_otel_agent"
"java","io.quarkiverse.cxf:quarkus-cxf","1.7.3","Apache-2.0","","https://mvnrepository.com/artifact/io.quarkiverse.cxf/quarkus-cxf"
"java","io.quarkiverse.cxf:quarkus-cxf-saaj","1.7.3","Apache-2.0","","https://mvnrepository.com/artifact/io.quarkiverse.cxf/quarkus-cxf-saaj"
"java","io.quarkiverse.cxf:quarkus-cxf-woodstox","1.7.3","Apache-2.0","","https://mvnrepository.com/artifact/io.quarkiverse.cxf/quarkus-cxf-woodstox"
"java","io.quarkus.arc:arc","2.16.2.Final","Apache-2.0","","https://mvnrepository.com/artifact/io.quarkus.arc/arc"
"java","io.quarkus.http:quarkus-http-core","4.2.1","Apache-2.0","","https://mvnrepository.com/artifact/io.quarkus.http/quarkus-http-core"
"java","io.quarkus.http:quarkus-http-http-core","4.2.1","Apache-2.0","","https://mvnrepository.com/artifact/io.quarkus.http/quarkus-http-http-core"
"java","io.quarkus.http:quarkus-http-servlet","4.2.1","Apache-2.0","","https://mvnrepository.com/artifact/io.quarkus.http/quarkus-http-servlet"
"java","io.quarkus.http:quarkus-http-vertx-backend","4.2.1","Apache-2.0","","https://mvnrepository.com/artifact/io.quarkus.http/quarkus-http-vertx-backend"
"java","io.quarkus.security:quarkus-security","1.1.4.Final","Apache-2.0","","https://mvnrepository.com/artifact/io.quarkus.security/quarkus-security"
"java","io.quarkus:quarkus-agroal","2.16.2.Final","Apache-2.0","","https://mvnrepository.com/artifact/io.quarkus/quarkus-agroal"
"java","io.quarkus:quarkus-apache-httpclient","2.16.2.Final","Apache-2.0","","https://mvnrepository.com/artifact/io.quarkus/quarkus-apache-httpclient"
"java","io.quarkus:quarkus-arc","2.16.2.Final","Apache-2.0","","https://mvnrepository.com/artifact/io.quarkus/quarkus-arc"
"java","io.quarkus:quarkus-bootstrap-runner","2.16.2.Final","Apache-2.0","","https://mvnrepository.com/artifact/io.quarkus/quarkus-bootstrap-runner"
"java","io.quarkus:quarkus-caffeine","2.16.2.Final","Apache-2.0","","https://mvnrepository.com/artifact/io.quarkus/quarkus-caffeine"
"java","io.quarkus:quarkus-core","2.16.2.Final","Apache-2.0","","https://mvnrepository.com/artifact/io.quarkus/quarkus-core"
"java","io.quarkus:quarkus-credentials","2.16.2.Final","Apache-2.0","","https://mvnrepository.com/artifact/io.quarkus/quarkus-credentials"
"java","io.quarkus:quarkus-datasource","2.16.2.Final","Apache-2.0","","https://mvnrepository.com/artifact/io.quarkus/quarkus-datasource"
"java","io.quarkus:quarkus-datasource-common","2.16.2.Final","Apache-2.0","","https://mvnrepository.com/artifact/io.quarkus/quarkus-datasource-common"
"java","io.quarkus:quarkus-development-mode-spi","2.16.2.Final","Apache-2.0","","https://mvnrepository.com/artifact/io.quarkus/quarkus-development-mode-spi"
"java","io.quarkus:quarkus-fs-util","0.0.9","Apache-2.0","","https://mvnrepository.com/artifact/io.quarkus/quarkus-fs-util"
"java","io.quarkus:quarkus-grpc-common","2.16.2.Final","Apache-2.0","","https://mvnrepository.com/artifact/io.quarkus/quarkus-grpc-common"
"java","io.quarkus:quarkus-hibernate-orm","2.16.2.Final","Apache-2.0","","https://mvnrepository.com/artifact/io.quarkus/quarkus-hibernate-orm"
"java","io.quarkus:quarkus-hibernate-orm-panache","2.16.2.Final","Apache-2.0","","https://mvnrepository.com/artifact/io.quarkus/quarkus-hibernate-orm-panache"
"java","io.quarkus:quarkus-hibernate-orm-panache-common","2.16.2.Final","Apache-2.0","","https://mvnrepository.com/artifact/io.quarkus/quarkus-hibernate-orm-panache-common"
"java","io.quarkus:quarkus-ide-launcher","2.16.2.Final","Apache-2.0","","https://mvnrepository.com/artifact/io.quarkus/quarkus-ide-launcher"
"java","io.quarkus:quarkus-jackson","2.16.2.Final","Apache-2.0","","https://mvnrepository.com/artifact/io.quarkus/quarkus-jackson"
"java","io.quarkus:quarkus-jaxb","2.16.2.Final","Apache-2.0","","https://mvnrepository.com/artifact/io.quarkus/quarkus-jaxb"
"java","io.quarkus:quarkus-jaxp","2.16.2.Final","Apache-2.0","","https://mvnrepository.com/artifact/io.quarkus/quarkus-jaxp"
"java","io.quarkus:quarkus-jdbc-postgresql","2.16.2.Final","Apache-2.0","","https://mvnrepository.com/artifact/io.quarkus/quarkus-jdbc-postgresql"
"java","io.quarkus:quarkus-jsonp","2.16.2.Final","Apache-2.0","","https://mvnrepository.com/artifact/io.quarkus/quarkus-jsonp"
"java","io.quarkus:quarkus-micrometer","2.16.2.Final","Apache-2.0","","https://mvnrepository.com/artifact/io.quarkus/quarkus-micrometer"
"java","io.quarkus:quarkus-micrometer-registry-prometheus","2.16.2.Final","Apache-2.0","","https://mvnrepository.com/artifact/io.quarkus/quarkus-micrometer-registry-prometheus"
"java","io.quarkus:quarkus-mutiny","2.16.2.Final","Apache-2.0","","https://mvnrepository.com/artifact/io.quarkus/quarkus-mutiny"
"java","io.quarkus:quarkus-narayana-jta","2.16.2.Final","Apache-2.0","","https://mvnrepository.com/artifact/io.quarkus/quarkus-narayana-jta"
"java","io.quarkus:quarkus-netty","2.16.2.Final","Apache-2.0","","https://mvnrepository.com/artifact/io.quarkus/quarkus-netty"
"java","io.quarkus:quarkus-opentelemetry","2.16.2.Final","Apache-2.0","","https://mvnrepository.com/artifact/io.quarkus/quarkus-opentelemetry"
"java","io.quarkus:quarkus-panache-common","2.16.2.Final","Apache-2.0","","https://mvnrepository.com/artifact/io.quarkus/quarkus-panache-common"
"java","io.quarkus:quarkus-panache-hibernate-common","2.16.2.Final","Apache-2.0","","https://mvnrepository.com/artifact/io.quarkus/quarkus-panache-hibernate-common"
"java","io.quarkus:quarkus-rest-client","2.16.2.Final","Apache-2.0","","https://mvnrepository.com/artifact/io.quarkus/quarkus-rest-client"
"java","io.quarkus:quarkus-rest-client-config","2.16.2.Final","Apache-2.0","","https://mvnrepository.com/artifact/io.quarkus/quarkus-rest-client-config"
"java","io.quarkus:quarkus-rest-client-jackson","2.16.2.Final","Apache-2.0","","https://mvnrepository.com/artifact/io.quarkus/quarkus-rest-client-jackson"
"java","io.quarkus:quarkus-resteasy","2.16.2.Final","Apache-2.0","","https://mvnrepository.com/artifact/io.quarkus/quarkus-resteasy"
"java","io.quarkus:quarkus-resteasy-common","2.16.2.Final","Apache-2.0","","https://mvnrepository.com/artifact/io.quarkus/quarkus-resteasy-common"
"java","io.quarkus:quarkus-resteasy-jackson","2.16.2.Final","Apache-2.0","","https://mvnrepository.com/artifact/io.quarkus/quarkus-resteasy-jackson"
"java","io.quarkus:quarkus-resteasy-multipart","2.16.2.Final","Apache-2.0","","https://mvnrepository.com/artifact/io.quarkus/quarkus-resteasy-multipart"
"java","io.quarkus:quarkus-resteasy-server-common","2.16.2.Final","Apache-2.0","","https://mvnrepository.com/artifact/io.quarkus/quarkus-resteasy-server-common"
"java","io.quarkus:quarkus-scheduler","2.16.2.Final","Apache-2.0","","https://mvnrepository.com/artifact/io.quarkus/quarkus-scheduler"
"java","io.quarkus:quarkus-scheduler-api","2.16.2.Final","Apache-2.0","","https://mvnrepository.com/artifact/io.quarkus/quarkus-scheduler-api"
"java","io.quarkus:quarkus-scheduler-common","2.16.2.Final","Apache-2.0","","https://mvnrepository.com/artifact/io.quarkus/quarkus-scheduler-common"
"java","io.quarkus:quarkus-scheduler-kotlin","2.16.2.Final","Apache-2.0","","https://mvnrepository.com/artifact/io.quarkus/quarkus-scheduler-kotlin"
"java","io.quarkus:quarkus-security-runtime-spi","2.16.2.Final","Apache-2.0","","https://mvnrepository.com/artifact/io.quarkus/quarkus-security-runtime-spi"
"java","io.quarkus:quarkus-smallrye-context-propagation","2.16.2.Final","Apache-2.0","","https://mvnrepository.com/artifact/io.quarkus/quarkus-smallrye-context-propagation"
"java","io.quarkus:quarkus-smallrye-health","2.16.2.Final","Apache-2.0","","https://mvnrepository.com/artifact/io.quarkus/quarkus-smallrye-health"
"java","io.quarkus:quarkus-smallrye-openapi","2.16.2.Final","Apache-2.0","","https://mvnrepository.com/artifact/io.quarkus/quarkus-smallrye-openapi"
"java","io.quarkus:quarkus-swagger-ui","2.16.2.Final","Apache-2.0","","https://mvnrepository.com/artifact/io.quarkus/quarkus-swagger-ui"
"java","io.quarkus:quarkus-transaction-annotations","2.16.2.Final","Apache-2.0","","https://mvnrepository.com/artifact/io.quarkus/quarkus-transaction-annotations"
"java","io.quarkus:quarkus-undertow","2.16.2.Final","Apache-2.0","","https://mvnrepository.com/artifact/io.quarkus/quarkus-undertow"
"java","io.quarkus:quarkus-vertx","2.16.2.Final","Apache-2.0","","https://mvnrepository.com/artifact/io.quarkus/quarkus-vertx"
"java","io.quarkus:quarkus-vertx-http","2.16.2.Final","Apache-2.0","","https://mvnrepository.com/artifact/io.quarkus/quarkus-vertx-http"
"java","io.quarkus:quarkus-vertx-http-dev-console-runtime-spi","2.16.2.Final","Apache-2.0","","https://mvnrepository.com/artifact/io.quarkus/quarkus-vertx-http-dev-console-runtime-spi"
"java","io.quarkus:quarkus-vertx-latebound-mdc-provider","2.16.2.Final","Apache-2.0","","https://mvnrepository.com/artifact/io.quarkus/quarkus-vertx-latebound-mdc-provider"
"java","io.smallrye.common:smallrye-common-annotation","1.13.2","Apache-2.0","","https://mvnrepository.com/artifact/io.smallrye.common/smallrye-common-annotation"
"java","io.smallrye.common:smallrye-common-classloader","1.13.2","Apache-2.0","","https://mvnrepository.com/artifact/io.smallrye.common/smallrye-common-classloader"
"java","io.smallrye.common:smallrye-common-constraint","1.13.2","Apache-2.0","","https://mvnrepository.com/artifact/io.smallrye.common/smallrye-common-constraint"
"java","io.smallrye.common:smallrye-common-expression","1.13.2","Apache-2.0","","https://mvnrepository.com/artifact/io.smallrye.common/smallrye-common-expression"
"java","io.smallrye.common:smallrye-common-function","1.13.2","Apache-2.0","","https://mvnrepository.com/artifact/io.smallrye.common/smallrye-common-function"
"java","io.smallrye.common:smallrye-common-io","1.13.2","Apache-2.0","","https://mvnrepository.com/artifact/io.smallrye.common/smallrye-common-io"
"java","io.smallrye.common:smallrye-common-vertx-context","1.13.2","Apache-2.0","","https://mvnrepository.com/artifact/io.smallrye.common/smallrye-common-vertx-context"
"java","io.smallrye.config:smallrye-config","2.13.2","Apache-2.0","","https://mvnrepository.com/artifact/io.smallrye.config/smallrye-config"
"java","io.smallrye.config:smallrye-config-common","2.13.2","Apache-2.0","","https://mvnrepository.com/artifact/io.smallrye.config/smallrye-config-common"
"java","io.smallrye.config:smallrye-config-core","2.13.2","Apache-2.0","","https://mvnrepository.com/artifact/io.smallrye.config/smallrye-config-core"
"java","io.smallrye.reactive:mutiny","1.9.0","Apache-2.0","","https://mvnrepository.com/artifact/io.smallrye.reactive/mutiny"
"java","io.smallrye.reactive:mutiny-smallrye-context-propagation","1.9.0","Apache-2.0","","https://mvnrepository.com/artifact/io.smallrye.reactive/mutiny-smallrye-context-propagation"
"java","io.smallrye.reactive:smallrye-mutiny-vertx-auth-common","2.30.1","Apache-2.0","","https://mvnrepository.com/artifact/io.smallrye.reactive/smallrye-mutiny-vertx-auth-common"
"java","io.smallrye.reactive:smallrye-mutiny-vertx-bridge-common","2.30.1","Apache-2.0","","https://mvnrepository.com/artifact/io.smallrye.reactive/smallrye-mutiny-vertx-bridge-common"
"java","io.smallrye.reactive:smallrye-mutiny-vertx-core","2.30.1","Apache-2.0","","https://mvnrepository.com/artifact/io.smallrye.reactive/smallrye-mutiny-vertx-core"
"java","io.smallrye.reactive:smallrye-mutiny-vertx-runtime","2.30.1","Apache-2.0","","https://mvnrepository.com/artifact/io.smallrye.reactive/smallrye-mutiny-vertx-runtime"
"java","io.smallrye.reactive:smallrye-mutiny-vertx-uri-template","2.30.1","Apache-2.0","","https://mvnrepository.com/artifact/io.smallrye.reactive/smallrye-mutiny-vertx-uri-template"
"java","io.smallrye.reactive:smallrye-mutiny-vertx-web","2.30.1","Apache-2.0","","https://mvnrepository.com/artifact/io.smallrye.reactive/smallrye-mutiny-vertx-web"
"java","io.smallrye.reactive:smallrye-mutiny-vertx-web-common","2.30.1","Apache-2.0","","https://mvnrepository.com/artifact/io.smallrye.reactive/smallrye-mutiny-vertx-web-common"
"java","io.smallrye.reactive:smallrye-reactive-converter-api","2.7.0","Apache-2.0","","https://mvnrepository.com/artifact/io.smallrye.reactive/smallrye-reactive-converter-api"
"java","io.smallrye.reactive:smallrye-reactive-converter-mutiny","2.7.0","Apache-2.0","","https://mvnrepository.com/artifact/io.smallrye.reactive/smallrye-reactive-converter-mutiny"
"java","io.smallrye.reactive:vertx-mutiny-generator","2.30.1","Apache-2.0","","https://mvnrepository.com/artifact/io.smallrye.reactive/vertx-mutiny-generator"
"java","io.smallrye:jandex","3.0.5","Apache-2.0","","https://mvnrepository.com/artifact/io.smallrye/jandex"
"java","io.smallrye:smallrye-context-propagation","1.2.2","Apache-2.0","","https://mvnrepository.com/artifact/io.smallrye/smallrye-context-propagation"
"java","io.smallrye:smallrye-context-propagation-api","1.2.2","Apache-2.0","","https://mvnrepository.com/artifact/io.smallrye/smallrye-context-propagation-api"
"java","io.smallrye:smallrye-context-propagation-jta","1.2.2","Apache-2.0","","https://mvnrepository.com/artifact/io.smallrye/smallrye-context-propagation-jta"
"java","io.smallrye:smallrye-context-propagation-storage","1.2.2","Apache-2.0","","https://mvnrepository.com/artifact/io.smallrye/smallrye-context-propagation-storage"
"java","io.smallrye:smallrye-fault-tolerance-vertx","5.6.0","Apache-2.0","","https://mvnrepository.com/artifact/io.smallrye/smallrye-fault-tolerance-vertx"
"java","io.smallrye:smallrye-health","3.3.1","Apache-2.0","","https://mvnrepository.com/artifact/io.smallrye/smallrye-health"
"java","io.smallrye:smallrye-health-api","3.3.1","Apache-2.0","","https://mvnrepository.com/artifact/io.smallrye/smallrye-health-api"
"java","io.smallrye:smallrye-health-provided-checks","3.3.1","Apache-2.0","","https://mvnrepository.com/artifact/io.smallrye/smallrye-health-provided-checks"
"java","io.smallrye:smallrye-open-api-core","3.1.1","Apache-2.0","","https://mvnrepository.com/artifact/io.smallrye/smallrye-open-api-core"
"java","io.swagger.core.v3:swagger-annotations","2.2.8","Apache-2.0","","https://mvnrepository.com/artifact/io.swagger.core.v3/swagger-annotations"
"java","io.swagger.core.v3:swagger-core","2.2.8","Apache-2.0","","https://mvnrepository.com/artifact/io.swagger.core.v3/swagger-core"
"java","io.swagger.core.v3:swagger-integration","2.2.8","Apache-2.0","","https://mvnrepository.com/artifact/io.swagger.core.v3/swagger-integration"
"java","io.swagger.core.v3:swagger-jaxrs2","2.2.8","Apache-2.0","","https://mvnrepository.com/artifact/io.swagger.core.v3/swagger-jaxrs2"
"java","io.swagger.core.v3:swagger-models","2.2.8","Apache-2.0","","https://mvnrepository.com/artifact/io.swagger.core.v3/swagger-models"
"java","io.vertx:vertx-auth-common","4.3.7","EPL-1.0,Apache-2.0","","https://mvnrepository.com/artifact/io.vertx/vertx-auth-common"
"java","io.vertx:vertx-bridge-common","4.3.7","EPL-1.0,Apache-2.0","","https://mvnrepository.com/artifact/io.vertx/vertx-bridge-common"
"java","io.vertx:vertx-codegen","4.3.7","EPL-1.0,Apache-2.0","","https://mvnrepository.com/artifact/io.vertx/vertx-codegen"
"java","io.vertx:vertx-core","4.3.7","Apache-2.0,EPL-2.0","Copyright (c) 20112023 Contributors to the Eclipse Foundation","https://mvnrepository.com/artifact/io.vertx/vertx-core"
"java","io.vertx:vertx-grpc","4.3.7","EPL-1.0,Apache-2.0","","https://mvnrepository.com/artifact/io.vertx/vertx-grpc"
"java","io.vertx:vertx-grpc-client","4.3.7","EPL-1.0,Apache-2.0","","https://mvnrepository.com/artifact/io.vertx/vertx-grpc-client"
"java","io.vertx:vertx-grpc-common","4.3.7","EPL-1.0,Apache-2.0","","https://mvnrepository.com/artifact/io.vertx/vertx-grpc-common"
"java","io.vertx:vertx-grpc-server","4.3.7","EPL-1.0,Apache-2.0","","https://mvnrepository.com/artifact/io.vertx/vertx-grpc-server"
"java","io.vertx:vertx-uri-template","4.3.7","EPL-1.0,Apache-2.0","","https://mvnrepository.com/artifact/io.vertx/vertx-uri-template"
"java","io.vertx:vertx-web","4.3.7","Apache-2.0,EPL-2.0","","https://mvnrepository.com/artifact/io.vertx/vertx-web"
"java","io.vertx:vertx-web-common","4.3.7","EPL-1.0,Apache-2.0","","https://mvnrepository.com/artifact/io.vertx/vertx-web-common"
"java","it.csi.comonl:comprof-cxfclient","2.1.0","Apache-2.0,MIT","CSI Piemonte (rilasciata su richiesta)",""
"java","it.csi.csi:csi-apachesoap","1.4.6","Apache-2.0,MIT","CSI Piemonte (codice sorgente rilasciato su richiesta)",""
"java","it.csi.csi:csi-core","1.4.6","Apache-2.0,MIT","CSI Piemonte (codice sorgente rilasciato su richiesta)",""
"java","it.csi.csi:csi-stadapter","1.4.6","Apache-2.0,MIT","CSI Piemonte (codice sorgente rilasciato su richiesta)",""
"java","it.csi.iridev2:iridev2-pep-intf","2.0.0","Apache-2.0,MIT","CSI Piemonte (rilasciata con licenza su richiesta)",""
"java","it.csi.util:util-perf","1.0.1","Apache-2.0,MIT","CSI Piemonte (codice sorgente rilasciato su richiesta)",""
"java","jakarta.activation:jakarta.activation-api","1.2.1","EDL-1.0","","https://mvnrepository.com/artifact/jakarta.activation/jakarta.activation-api"
"java","jakarta.annotation:jakarta.annotation-api","1.3.5","GPLV2+CE,EPL-2.0","Copyright (C) 1989, 1991 Free Software Foundation, Inc.    51 Franklin Street, Fifth Floor    Boston, MA 02110-1335    USA","https://mvnrepository.com/artifact/jakarta.annotation/jakarta.annotation-api"
"java","jakarta.el:jakarta.el-api","3.0.3","EPL-2.0","Copyright (C) 1989, 1991 Free Software Foundation, Inc.    51 Franklin Street, Fifth Floor    Boston, MA 02110-1335    USA","https://mvnrepository.com/artifact/jakarta.el/jakarta.el-api"
"java","jakarta.enterprise:jakarta.enterprise.cdi-api","2.0.2","Apache-2.0","Copyright (c) 2011 Red Hat, Inc. and others          This program and the accompanying materials are made available under the     Apache Software License 2.0 which is available at:     https://www.apache.org/licenses/LICENSE2.0","https://mvnrepository.com/artifact/jakarta.enterprise/jakarta.enterprise.cdi-api"
"java","jakarta.inject:jakarta.inject-api","1.0","Apache-2.0","Copyright (C) 2009 The JSR330 Expert Group","https://mvnrepository.com/artifact/jakarta.inject/jakarta.inject-api"
"java","jakarta.interceptor:jakarta.interceptor-api","1.2.5","EPL-2.0","Copyright (C) 1989, 1991 Free Software Foundation, Inc.    51 Franklin Street, Fifth Floor    Boston, MA 02110-1335    USA","https://mvnrepository.com/artifact/jakarta.interceptor/jakarta.interceptor-api"
"java","jakarta.jws:jakarta.jws-api","2.1.0","EDL-1.0","Copyright (c) 2017 Oracle and/or its affiliates. All rights reserved.","https://mvnrepository.com/artifact/jakarta.jws/jakarta.jws-api"
"java","jakarta.persistence:jakarta.persistence-api","2.2.3","EPL-1.0,EDL-1.0","Copyright (c) 2007, Eclipse Foundation, Inc. and its licensors.","https://mvnrepository.com/artifact/jakarta.persistence/jakarta.persistence-api"
"java","jakarta.servlet:jakarta.servlet-api","4.0.3","GPLV2+CE,EPL-2.0","Copyright (C) 1989, 1991 Free Software Foundation, Inc.    51 Franklin Street, Fifth Floor    Boston, MA 02110-1335    USA","https://mvnrepository.com/artifact/jakarta.servlet/jakarta.servlet-api"
"java","jakarta.transaction:jakarta.transaction-api","1.3.3","GPLV2+CE,EPL-2.0","copyright line and a pointer to where the full notice is found.","https://mvnrepository.com/artifact/jakarta.transaction/jakarta.transaction-api"
"java","jakarta.validation:jakarta.validation-api","2.0.2","Apache-2.0","","https://mvnrepository.com/artifact/jakarta.validation/jakarta.validation-api"
"java","jakarta.xml.bind:jakarta.xml.bind-api","2.3.3","EDL-1.0","","https://mvnrepository.com/artifact/jakarta.xml.bind/jakarta.xml.bind-api"
"java","jakarta.xml.soap:jakarta.xml.soap-api","1.4.2","EDL-1.0","Copyright (c) 2017 Oracle and/or its affiliates. All rights reserved.       Redistribution and use in source and binary forms, with or without    modification, are permitted provided that the following conditions    are met:         - Redistributions of source code must retain the above copyright        notice, this list of conditions and the following disclaimer.         - Redistributions in binary form must reproduce the above copyright        notice, this list of conditions and the following disclaimer in the        documentation and/or other materials provided with the distribution.         - Neither the name of the Eclipse Foundation, Inc. nor the names of its        contributors may be used to endorse or promote products derived        from this software without specific prior written permission.       THIS SOFTWARE IS PROVIDED BY THE COPYRIGHT HOLDERS AND CONTRIBUTORS ""AS    IS"" AND ANY EXPRESS OR IMPLIED WARRANTIES, INCLUDING, BUT NOT LIMITED TO,    THE IMPLIED WARRANTIES OF MERCHANTABILITY AND FITNESS FOR A PARTICULAR    PURPOSE ARE DISCLAIMED.  IN NO EVENT SHALL THE COPYRIGHT OWNER OR    CONTRIBUTORS BE LIABLE FOR ANY DIRECT, INDIRECT, INCIDENTAL, SPECIAL,    EXEMPLARY, OR CONSEQUENTIAL DAMAGES (INCLUDING, BUT NOT LIMITED TO,    PROCUREMENT OF SUBSTITUTE GOODS OR SERVICES; LOSS OF USE, DATA, OR    PROFITS; OR BUSINESS INTERRUPTION) HOWEVER CAUSED AND ON ANY THEORY OF    LIABILITY, WHETHER IN CONTRACT, STRICT LIABILITY, OR TORT (INCLUDING    NEGLIGENCE OR OTHERWISE) ARISING IN ANY WAY OUT OF THE USE OF THIS    SOFTWARE, EVEN IF ADVISED OF THE POSSIBILITY OF SUCH DAMAGE.","https://mvnrepository.com/artifact/jakarta.xml.soap/jakarta.xml.soap-api"
"java","jakarta.xml.ws:jakarta.xml.ws-api","2.3.3","EDL-1.0","Copyright (c) 2017, 2018 Oracle and/or its affiliates. All rights reserved.","https://mvnrepository.com/artifact/jakarta.xml.ws/jakarta.xml.ws-api"
"java","javax.activation:activation","1.1","CDDL-1.0","","https://mvnrepository.com/artifact/javax.activation/activation"
"java","javax.activation:javax.activation-api","1.2.0","CDDL-1.1","","https://mvnrepository.com/artifact/javax.activation/javax.activation-api"
"java","javax.annotation:javax.annotation-api","1.3.2","CDDL-1.1,Apache-2.0","Copyright (C) 1989, 1991 Free Software Foundation, Inc.51 Franklin Street, Fifth FloorBoston, MA 02110-1335USA","https://mvnrepository.com/artifact/javax.annotation/javax.annotation-api"
"java","javax.jws:javax.jws-api","1.1","CDDL-1.1","Copyright (C) 1989, 1991 Free Software Foundation, Inc.51 Franklin Street, Fifth FloorBoston, MA 02110-1335USA","https://mvnrepository.com/artifact/javax.jws/javax.jws-api"
"java","javax.mail:mail","1.4","CDDL-1.1,CDDL-1.0","","https://mvnrepository.com/artifact/javax.mail/mail"
"java","javax.ws.rs:javax.ws.rs-api","2.0.1","CDDL-1.1","","https://mvnrepository.com/artifact/javax.ws.rs/javax.ws.rs-api"
"java","javax.xml.bind:jaxb-api","2.3.1","CDDL-1.1","","https://mvnrepository.com/artifact/javax.xml.bind/jaxb-api"
"java","javax.xml.soap:javax.xml.soap-api","1.4.0","Apache-2.0","Copyright (C) 1989, 1991 Free Software Foundation, Inc.51 Franklin Street, Fifth FloorBoston, MA 02110-1335USA","https://mvnrepository.com/artifact/javax.xml.soap/javax.xml.soap-api"
"java","javax.xml.ws:jaxws-api","2.3.1","CDDL,GPL-2.0,Apache-2.0","Copyright (C) 1989, 1991 Free Software Foundation, Inc.    51 Franklin Street, Fifth Floor    Boston, MA 02110-1335    USA","https://mvnrepository.com/artifact/javax.xml.ws/jaxws-api"
"java","javax:javaee-api","8.0.1","CDDL-1.1","Copyright (c) 20102017 Oracle and/or its affiliates. All rights reserved.","https://mvnrepository.com/artifact/javax/javaee-api"
"java","log4j:log4j","1.2.14","Apache-2.0","","https://mvnrepository.com/artifact/log4j/log4j"
"java","net.bytebuddy:byte-buddy","1.12.18","Apache-2.0","","https://mvnrepository.com/artifact/net.bytebuddy/byte-buddy"
"java","org.apache.camel.quarkus:camel-quarkus-core","2.16.0","Apache-2.0","","https://mvnrepository.com/artifact/org.apache.camel.quarkus/camel-quarkus-core"
"java","org.apache.camel.quarkus:camel-quarkus-vertx-websocket","2.16.0","Apache-2.0","","https://mvnrepository.com/artifact/org.apache.camel.quarkus/camel-quarkus-vertx-websocket"
"java","org.apache.camel:camel-api","3.20.1","Apache-2.0","","https://mvnrepository.com/artifact/org.apache.camel/camel-api"
"java","org.apache.camel:camel-base","3.20.1","Apache-2.0","","https://mvnrepository.com/artifact/org.apache.camel/camel-base"
"java","org.apache.camel:camel-base-engine","3.20.1","Apache-2.0","","https://mvnrepository.com/artifact/org.apache.camel/camel-base-engine"
"java","org.apache.camel:camel-componentdsl","3.20.1","Apache-2.0","","https://mvnrepository.com/artifact/org.apache.camel/camel-componentdsl"
"java","org.apache.camel:camel-core-catalog","3.20.1","Apache-2.0","","https://mvnrepository.com/artifact/org.apache.camel/camel-core-catalog"
"java","org.apache.camel:camel-core-engine","3.20.1","Apache-2.0","","https://mvnrepository.com/artifact/org.apache.camel/camel-core-engine"
"java","org.apache.camel:camel-core-languages","3.20.1","Apache-2.0","","https://mvnrepository.com/artifact/org.apache.camel/camel-core-languages"
"java","org.apache.camel:camel-core-model","3.20.1","Apache-2.0","","https://mvnrepository.com/artifact/org.apache.camel/camel-core-model"
"java","org.apache.camel:camel-core-processor","3.20.1","Apache-2.0","","https://mvnrepository.com/artifact/org.apache.camel/camel-core-processor"
"java","org.apache.camel:camel-core-reifier","3.20.1","Apache-2.0","","https://mvnrepository.com/artifact/org.apache.camel/camel-core-reifier"
"java","org.apache.camel:camel-endpointdsl","3.20.1","Apache-2.0","","https://mvnrepository.com/artifact/org.apache.camel/camel-endpointdsl"
"java","org.apache.camel:camel-main","3.20.1","Apache-2.0","","https://mvnrepository.com/artifact/org.apache.camel/camel-main"
"java","org.apache.camel:camel-management-api","3.20.1","Apache-2.0","","https://mvnrepository.com/artifact/org.apache.camel/camel-management-api"
"java","org.apache.camel:camel-microprofile-config","3.20.1","Apache-2.0","","https://mvnrepository.com/artifact/org.apache.camel/camel-microprofile-config"
"java","org.apache.camel:camel-support","3.20.1","Apache-2.0","","https://mvnrepository.com/artifact/org.apache.camel/camel-support"
"java","org.apache.camel:camel-tooling-model","3.20.1","Apache-2.0","","https://mvnrepository.com/artifact/org.apache.camel/camel-tooling-model"
"java","org.apache.camel:camel-util","3.20.1","Apache-2.0","","https://mvnrepository.com/artifact/org.apache.camel/camel-util"
"java","org.apache.camel:camel-util-json","3.20.1","Apache-2.0","","https://mvnrepository.com/artifact/org.apache.camel/camel-util-json"
"java","org.apache.camel:camel-vertx-common","3.20.1","Apache-2.0","","https://mvnrepository.com/artifact/org.apache.camel/camel-vertx-common"
"java","org.apache.camel:camel-vertx-websocket","3.20.1","Apache-2.0","","https://mvnrepository.com/artifact/org.apache.camel/camel-vertx-websocket"
"java","org.apache.commons:commons-collections4","4.4","Apache-2.0","","https://mvnrepository.com/artifact/org.apache.commons/commons-collections4"
"java","org.apache.commons:commons-compress","1.22","Apache-2.0","","https://mvnrepository.com/artifact/org.apache.commons/commons-compress"
"java","org.apache.commons:commons-lang3","3.12.0","Apache-2.0","","https://mvnrepository.com/artifact/org.apache.commons/commons-lang3"
"java","org.apache.commons:commons-math3","3.6.1","Apache-2.0","","https://mvnrepository.com/artifact/org.apache.commons/commons-math3"
"java","org.apache.cxf:cxf-core","3.5.5","Apache-2.0","","https://mvnrepository.com/artifact/org.apache.cxf/cxf-core"
"java","org.apache.cxf:cxf-rt-bindings-soap","3.5.5","Apache-2.0","","https://mvnrepository.com/artifact/org.apache.cxf/cxf-rt-bindings-soap"
"java","org.apache.cxf:cxf-rt-bindings-xml","3.5.5","Apache-2.0","","https://mvnrepository.com/artifact/org.apache.cxf/cxf-rt-bindings-xml"
"java","org.apache.cxf:cxf-rt-databinding-jaxb","3.5.5","Apache-2.0","","https://mvnrepository.com/artifact/org.apache.cxf/cxf-rt-databinding-jaxb"
"java","org.apache.cxf:cxf-rt-frontend-jaxws","3.5.5","Apache-2.0","","https://mvnrepository.com/artifact/org.apache.cxf/cxf-rt-frontend-jaxws"
"java","org.apache.cxf:cxf-rt-frontend-simple","3.5.5","Apache-2.0","","https://mvnrepository.com/artifact/org.apache.cxf/cxf-rt-frontend-simple"
"java","org.apache.cxf:cxf-rt-transports-http","3.5.5","Apache-2.0","","https://mvnrepository.com/artifact/org.apache.cxf/cxf-rt-transports-http"
"java","org.apache.cxf:cxf-rt-ws-addr","3.5.5","Apache-2.0","","https://mvnrepository.com/artifact/org.apache.cxf/cxf-rt-ws-addr"
"java","org.apache.cxf:cxf-rt-ws-policy","3.5.5","Apache-2.0","","https://mvnrepository.com/artifact/org.apache.cxf/cxf-rt-ws-policy"
"java","org.apache.cxf:cxf-rt-wsdl","3.5.5","Apache-2.0","","https://mvnrepository.com/artifact/org.apache.cxf/cxf-rt-wsdl"
"java","org.apache.httpcomponents:httpasyncclient","4.1.5","Apache-2.0","","https://mvnrepository.com/artifact/org.apache.httpcomponents/httpasyncclient"
"java","org.apache.httpcomponents:httpclient","4.5.14","Apache-2.0","","https://mvnrepository.com/artifact/org.apache.httpcomponents/httpclient"
"java","org.apache.httpcomponents:httpcore","4.4.16","Apache-2.0","","https://mvnrepository.com/artifact/org.apache.httpcomponents/httpcore"
"java","org.apache.httpcomponents:httpcore-nio","4.4.16","Apache-2.0","","https://mvnrepository.com/artifact/org.apache.httpcomponents/httpcore-nio"
"java","org.apache.james:apache-mime4j-core","0.8.3","Apache-2.0","","https://mvnrepository.com/artifact/org.apache.james/apache-mime4j-core"
"java","org.apache.james:apache-mime4j-dom","0.8.3","Apache-2.0","","https://mvnrepository.com/artifact/org.apache.james/apache-mime4j-dom"
"java","org.apache.james:apache-mime4j-storage","0.8.3","Apache-2.0","","https://mvnrepository.com/artifact/org.apache.james/apache-mime4j-storage"
"java","org.apache.neethi:neethi","3.2.0","Apache-2.0","","https://mvnrepository.com/artifact/org.apache.neethi/neethi"
"java","org.apache.pdfbox:fontbox","2.0.24","Apache-2.0","","https://mvnrepository.com/artifact/org.apache.pdfbox/fontbox"
"java","org.apache.pdfbox:pdfbox","2.0.24","Apache-2.0","","https://mvnrepository.com/artifact/org.apache.pdfbox/pdfbox"
"java","org.apache.pdfbox:xmpbox","2.0.24","Apache-2.0","","https://mvnrepository.com/artifact/org.apache.pdfbox/xmpbox"
"java","org.apache.poi:poi","4.1.2","Apache-2.0","","https://mvnrepository.com/artifact/org.apache.poi/poi"
"java","org.apache.poi:poi-ooxml","4.1.2","Apache-2.0","","https://mvnrepository.com/artifact/org.apache.poi/poi-ooxml"
"java","org.apache.poi:poi-ooxml-schemas","4.1.2","Apache-2.0","","https://mvnrepository.com/artifact/org.apache.poi/poi-ooxml-schemas"
"java","org.apache.ws.xmlschema:xmlschema-core","2.3.0","Apache-2.0","","https://mvnrepository.com/artifact/org.apache.ws.xmlschema/xmlschema-core"
"java","org.apache.xmlbeans:xmlbeans","3.1.0","Apache-2.0","","https://mvnrepository.com/artifact/org.apache.xmlbeans/xmlbeans"
"java","org.codehaus.woodstox:stax2-api","4.2","BSD","Copyright (c) 2008+, FasterXML, LLCAll rights reserved.","https://mvnrepository.com/artifact/org.codehaus.woodstox/stax2-api"
"java","org.eclipse.microprofile.config:microprofile-config-api","2.0.1","Apache-2.0","","https://mvnrepository.com/artifact/org.eclipse.microprofile.config/microprofile-config-api"
"java","org.eclipse.microprofile.context-propagation:microprofile-context-propagation-api","1.2","Apache-2.0","","https://mvnrepository.com/artifact/org.eclipse.microprofile.context-propagation/microprofile-context-propagation-api"
"java","org.eclipse.microprofile.health:microprofile-health-api","3.1","Apache-2.0","","https://mvnrepository.com/artifact/org.eclipse.microprofile.health/microprofile-health-api"
"java","org.eclipse.microprofile.openapi:microprofile-openapi-api","2.0.1","Apache-2.0","","https://mvnrepository.com/artifact/org.eclipse.microprofile.openapi/microprofile-openapi-api"
"java","org.eclipse.microprofile.rest.client:microprofile-rest-client-api","2.0","Apache-2.0","","https://mvnrepository.com/artifact/org.eclipse.microprofile.rest.client/microprofile-rest-client-api"
"java","org.glassfish.hk2.external:aopalliance-repackaged","2.5.0-b32","CDDL-1.1,GPLV2+CE","","https://mvnrepository.com/artifact/org.glassfish.hk2.external/aopalliance-repackaged"
"java","org.glassfish.hk2.external:javax.inject","2.5.0-b32","CDDL-1.1","","https://mvnrepository.com/artifact/org.glassfish.hk2.external/javax.inject"
"java","org.glassfish.hk2:hk2-api","2.5.0-b32","CDDL-1.1,GPLV2+CE","","https://mvnrepository.com/artifact/org.glassfish.hk2/hk2-api"
"java","org.glassfish.hk2:hk2-locator","2.5.0-b32","CDDL-1.1,GPLV2+CE","","https://mvnrepository.com/artifact/org.glassfish.hk2/hk2-locator"
"java","org.glassfish.hk2:hk2-utils","2.5.0-b32","CDDL-1.1,GPLV2+CE","","https://mvnrepository.com/artifact/org.glassfish.hk2/hk2-utils"
"java","org.glassfish.hk2:osgi-resource-locator","1.0.1","CDDL-1.1,GPLV2+CE,EPL-2.0","","https://mvnrepository.com/artifact/org.glassfish.hk2/osgi-resource-locator"
"java","org.glassfish.jaxb:jaxb-runtime","2.3.3-b02","GPL-3.0-with-GCC-exception,CDDL-1.1,EDL-1.0","","https://mvnrepository.com/artifact/org.glassfish.jaxb/jaxb-runtime"
"java","org.glassfish.jaxb:txw2","2.3.3-b02","CDDL-1.1,EDL-1.0,GPL-2.0-with-GCC-exception","","https://mvnrepository.com/artifact/org.glassfish.jaxb/txw2"
"java","org.glassfish.jersey.bundles.repackaged:jersey-guava","2.25.1","CDDL-1.1","","https://mvnrepository.com/artifact/org.glassfish.jersey.bundles.repackaged/jersey-guava"
"java","org.glassfish.jersey.core:jersey-client","2.25.1","CDDL-1.1","","https://mvnrepository.com/artifact/org.glassfish.jersey.core/jersey-client"
"java","org.glassfish.jersey.core:jersey-common","2.25.1","CDDL-1.1","","https://mvnrepository.com/artifact/org.glassfish.jersey.core/jersey-common"
"java","org.glassfish.jersey.ext:jersey-entity-filtering","2.25.1","CDDL-1.1","","https://mvnrepository.com/artifact/org.glassfish.jersey.ext/jersey-entity-filtering"
"java","org.glassfish.jersey.media:jersey-media-json-jackson","2.25.1","CDDL-1.1","","https://mvnrepository.com/artifact/org.glassfish.jersey.media/jersey-media-json-jackson"
"java","org.glassfish:jakarta.el","3.0.4","GPLV2+CE,EPL-2.0","Copyright (C) 1989, 1991 Free Software Foundation, Inc.    51 Franklin Street, Fifth Floor    Boston, MA 02110-1335    USA","https://mvnrepository.com/artifact/org.glassfish/jakarta.el"
"java","org.glassfish:jakarta.json","1.1.6","EPL-2.0","","https://mvnrepository.com/artifact/org.glassfish/jakarta.json"
"java","org.graalvm.sdk:graal-sdk","22.3.0","UPL-1.0","Copyright (C) <year> <name of author>","https://mvnrepository.com/artifact/org.graalvm.sdk/graal-sdk"
"java","org.hdrhistogram:HdrHistogram","2.1.12","BSD-2-Clause,CPL-1.0","Copyright (c) 2012, 2013, 2014, 2015, 2016 Gil Tene Copyright (c) 2014 Michael Barker Copyright (c) 2014 Matt Warren All rights reserved.","https://mvnrepository.com/artifact/org.hdrhistogram/HdrHistogram"
"java","org.hibernate.common:hibernate-commons-annotations","5.1.2.Final","LGPL-2.1-or-later","","https://mvnrepository.com/artifact/org.hibernate.common/hibernate-commons-annotations"
"java","org.hibernate:hibernate-core","5.6.15.Final","LGPL-2.1","Copyright 2004present by the Checker Framework developers","https://mvnrepository.com/artifact/org.hibernate/hibernate-core"
"java","org.hibernate:hibernate-graalvm","5.6.15.Final","LGPL-2.1","Copyright 2004present by the Checker Framework developers","https://mvnrepository.com/artifact/org.hibernate/hibernate-graalvm"
"java","org.hibernate:quarkus-local-cache","0.1.1","Apache-2.0","","https://mvnrepository.com/artifact/org.hibernate/quarkus-local-cache"
"java","org.javassist:javassist","3.26.0-GA","LGPL-2.1,Apache-2.0","Copyright (C) 1999-2023 by Shigeru Chiba, All rights reserved.","https://mvnrepository.com/artifact/org.javassist/javassist"
"java","org.jboss.logging:commons-logging-jboss-logging","1.0.0.Final","Apache-2.0","Copyright 2018 Red Hat, Inc., and individual contributorsas indicated by the author tags.","https://mvnrepository.com/artifact/org.jboss.logging/commons-logging-jboss-logging"
"java","org.jboss.logging:jboss-logging","3.5.0.Final","Apache-2.0","Copyright 2023 Red Hat, Inc.","https://mvnrepository.com/artifact/org.jboss.logging/jboss-logging"
"java","org.jboss.logging:jboss-logging-annotations","2.2.1.Final","Apache-2.0","","https://mvnrepository.com/artifact/org.jboss.logging/jboss-logging-annotations"
"java","org.jboss.logmanager:jboss-logmanager-embedded","1.0.11","Apache-2.0","","https://mvnrepository.com/artifact/org.jboss.logmanager/jboss-logmanager-embedded"
"java","org.jboss.logmanager:log4j-jboss-logmanager","1.3.0.Final","Apache-2.0","","https://mvnrepository.com/artifact/org.jboss.logmanager/log4j-jboss-logmanager"
"java","org.jboss.narayana.jta:narayana-jta","5.13.1.Final","LGPL-2.1","","https://mvnrepository.com/artifact/org.jboss.narayana.jta/narayana-jta"
"java","org.jboss.narayana.jts:narayana-jts-integration","5.13.1.Final","LGPL-2.1","","https://mvnrepository.com/artifact/org.jboss.narayana.jts/narayana-jts-integration"
"java","org.jboss.resteasy:resteasy-cdi","4.7.7.Final","Apache-2.0","","https://mvnrepository.com/artifact/org.jboss.resteasy/resteasy-cdi"
"java","org.jboss.resteasy:resteasy-client","4.7.7.Final","Apache-2.0","","https://mvnrepository.com/artifact/org.jboss.resteasy/resteasy-client"
"java","org.jboss.resteasy:resteasy-client-api","4.7.7.Final","Apache-2.0","","https://mvnrepository.com/artifact/org.jboss.resteasy/resteasy-client-api"
"java","org.jboss.resteasy:resteasy-client-microprofile","4.7.7.Final","Apache-2.0","","https://mvnrepository.com/artifact/org.jboss.resteasy/resteasy-client-microprofile"
"java","org.jboss.resteasy:resteasy-client-microprofile-base","4.7.7.Final","Apache-2.0","","https://mvnrepository.com/artifact/org.jboss.resteasy/resteasy-client-microprofile-base"
"java","org.jboss.resteasy:resteasy-core","4.7.7.Final","Apache-2.0","","https://mvnrepository.com/artifact/org.jboss.resteasy/resteasy-core"
"java","org.jboss.resteasy:resteasy-core-spi","4.7.7.Final","Apache-2.0","","https://mvnrepository.com/artifact/org.jboss.resteasy/resteasy-core-spi"
"java","org.jboss.resteasy:resteasy-jackson2-provider","4.7.7.Final","Apache-2.0","","https://mvnrepository.com/artifact/org.jboss.resteasy/resteasy-jackson2-provider"
"java","org.jboss.resteasy:resteasy-jaxb-provider","4.7.7.Final","Apache-2.0","","https://mvnrepository.com/artifact/org.jboss.resteasy/resteasy-jaxb-provider"
"java","org.jboss.resteasy:resteasy-multipart-provider","4.7.7.Final","Apache-2.0","","https://mvnrepository.com/artifact/org.jboss.resteasy/resteasy-multipart-provider"
"java","org.jboss.slf4j:slf4j-jboss-logmanager","1.2.0.Final","Apache-2.0","","https://mvnrepository.com/artifact/org.jboss.slf4j/slf4j-jboss-logmanager"
"java","org.jboss.spec.javax.resource:jboss-connector-api_1.7_spec","1.0.0.Final","CDDL-1.0","Copyright (C) <year> <name of author>","https://mvnrepository.com/artifact/org.jboss.spec.javax.resource/jboss-connector-api_1.7_spec"
"java","org.jboss.spec.javax.ws.rs:jboss-jaxrs-api_2.1_spec","2.0.1.Final","EPL-2.0","Copyright (C) 1989, 1991 Free Software Foundation, Inc.    51 Franklin Street, Fifth Floor    Boston, MA 02110-1335    USA","https://mvnrepository.com/artifact/org.jboss.spec.javax.ws.rs/jboss-jaxrs-api_2.1_spec"
"java","org.jboss.spec.javax.xml.bind:jboss-jaxb-api_2.3_spec","2.0.0.Final","EDL-1.0","","https://mvnrepository.com/artifact/org.jboss.spec.javax.xml.bind/jboss-jaxb-api_2.3_spec"
"java","org.jboss.threads:jboss-threads","3.4.3.Final","Apache-2.0","","https://mvnrepository.com/artifact/org.jboss.threads/jboss-threads"
"java","org.jboss:jboss-transaction-spi","7.6.0.Final","PUBDOM","","https://mvnrepository.com/artifact/org.jboss/jboss-transaction-spi"
"java","org.jvnet.mimepull:mimepull","1.9.14","CDDL-1.1,EDL-1.0","Copyright (c) 2018 Oracle and/or its affiliates. All rights reserved.","https://mvnrepository.com/artifact/org.jvnet.mimepull/mimepull"
"java","org.jvnet.staxex:stax-ex","1.8.3","CDDL-1.1,EDL-1.0","Copyright (c) 2017 Oracle and/or its affiliates. All rights reserved.       Redistribution and use in source and binary forms, with or without    modification, are permitted provided that the following conditions    are met:         - Redistributions of source code must retain the above copyright        notice, this list of conditions and the following disclaimer.         - Redistributions in binary form must reproduce the above copyright        notice, this list of conditions and the following disclaimer in the        documentation and/or other materials provided with the distribution.         - Neither the name of the Eclipse Foundation, Inc. nor the names of its        contributors may be used to endorse or promote products derived        from this software without specific prior written permission.       THIS SOFTWARE IS PROVIDED BY THE COPYRIGHT HOLDERS AND CONTRIBUTORS ""AS    IS"" AND ANY EXPRESS OR IMPLIED WARRANTIES, INCLUDING, BUT NOT LIMITED TO,    THE IMPLIED WARRANTIES OF MERCHANTABILITY AND FITNESS FOR A PARTICULAR    PURPOSE ARE DISCLAIMED.  IN NO EVENT SHALL THE COPYRIGHT OWNER OR    CONTRIBUTORS BE LIABLE FOR ANY DIRECT, INDIRECT, INCIDENTAL, SPECIAL,    EXEMPLARY, OR CONSEQUENTIAL DAMAGES (INCLUDING, BUT NOT LIMITED TO,    PROCUREMENT OF SUBSTITUTE GOODS OR SERVICES; LOSS OF USE, DATA, OR    PROFITS; OR BUSINESS INTERRUPTION) HOWEVER CAUSED AND ON ANY THEORY OF    LIABILITY, WHETHER IN CONTRACT, STRICT LIABILITY, OR TORT (INCLUDING    NEGLIGENCE OR OTHERWISE) ARISING IN ANY WAY OUT OF THE USE OF THIS    SOFTWARE, EVEN IF ADVISED OF THE POSSIBILITY OF SUCH DAMAGE.","https://mvnrepository.com/artifact/org.jvnet.staxex/stax-ex"
"java","org.latencyutils:LatencyUtils","2.0.3","CPL-1.0","Copyright (c) 2012, 2013, 2014 Gil Tene  All rights reserved.","https://mvnrepository.com/artifact/org.latencyutils/LatencyUtils"
"java","org.mapstruct:mapstruct","1.4.2.Final","Apache-2.0","Copyright MapStruct Authors.","https://mvnrepository.com/artifact/org.mapstruct/mapstruct"
"java","org.postgresql:postgresql","42.5.3","BSD-2-Clause","Copyright (c) 1997, PostgreSQL Global Development GroupAll rights reserved.","https://mvnrepository.com/artifact/org.postgresql/postgresql"
"java","org.projectlombok:lombok","1.18.22","MIT","Copyright (C) 2009-2021 The Project Lombok Authors.  Permission is hereby granted, free of charge, to any person obtaining a copy of this software and associated documentation files (the ""Software""), to deal in the Software without restriction, including without limitation the rights to use, copy, modify, merge, publish, distribute, sublicense, and/or sell copies of the Software, and to permit persons to whom the Software is furnished to do so, subject to the following conditions:","https://mvnrepository.com/artifact/org.projectlombok/lombok"
"java","org.reactivestreams:reactive-streams","1.0.3","CC0-1.0","Copyright 2014 Reactive Streams","https://mvnrepository.com/artifact/org.reactivestreams/reactive-streams"
"java","org.wildfly.common:wildfly-common","1.5.4.Final-format-001","Apache-2.0","","https://mvnrepository.com/artifact/org.wildfly.common/wildfly-common"
"java","org.yaml:snakeyaml","1.33","Apache-2.0","Copyright (c) 2008, SnakeYAML","https://mvnrepository.com/artifact/org.yaml/snakeyaml"
"java","soap:soap","2.3.1","CDDL","","https://mvnrepository.com/artifact/soap/soap"
"java","wsdl4j:wsdl4j","1.6.3","CPL-1.0","","https://mvnrepository.com/artifact/wsdl4j/wsdl4j"
"java","xml-resolver:xml-resolver","1.2","Apache-2.0","","https://mvnrepository.com/artifact/xml-resolver/xml-resolver"
